"RET-YUZIYPAS-103"," Yuri's  Pottery - Green Pitcher","","48.00","0.075",
"RET-YUZIYPAS-104"," Yuri's  Pottery - Round Vase","","44.00","0.075",
"RET-YUZIYPAS-105"," Yuri's  Pottery - Wood Fired Bowl","","45.00","0.075",
"RET-NICOLELO-100","Adults Toothbrush","","7.00","0.075",
"RET-AGNES***-101","Agnes Lendech - Cards","","6.00","0.075",
"RET-AGNES***-102","Agnes Lendech - Postcard","","1.50","0.075",
"YHV-YUBAHARV-285","Airpot Of Coffee","","20.00","0.075",
"RET-ALINAART-100","Alina Art Decor - Rugs","","0.00","0.075",
"YHV-YUBAHARV-279","Almonds","","2.00","0.075",
"RET-AMYDAVIS-116","Amy's Pottery - Brown Tea Pot","","65.00","0.075",
"RET-AMYDAVIS-103","Amy's Pottery - Cheese Plate ","","20.00","0.075",
"RET-AMYDAVIS-108","Amy's Pottery - Cruet","","24.00","0.075",
"RET-AMYDAVIS-115","Amy's Pottery - Green Moon Tea Pot","","39.00","0.075",
"RET-AMYDAVIS-102","Amy's Pottery - Medium Bowl","","26.00","0.075",
"RET-AMYDAVIS-110","Amy's Pottery - Medium Bowl, Decorated","","32.00","0.075",
"RET-AMYDAVIS-123","Amy's Pottery - Molded Bowls","","39.00","0.075",
"RET-AMYDAVIS-104","Amy's Pottery - Mug","","18.00","0.075",
"RET-AMYDAVIS-114","Amy's Pottery - Pointed Lid","","46.00","0.075",
"RET-AMYDAVIS-117","Amy's Pottery - Prep Bowls","","17.00","0.075",
"RET-AMYDAVIS-122","Amy's Pottery - Pumpkin Bowl","","39.00","0.075",
"RET-AMYDAVIS-127","Amy's Pottery - Small Cre T","","12.00","0.075",
"RET-AMYDAVIS-113","Amy's Pottery - Small Rounded Vase","","39.00","0.075",
"RET-AMYDAVIS-109","Amy's Pottery - Small Teapot","","32.00","0.075",
"RET-AMYDAVIS-120","Amy's Pottery - Small Urn","","52.00","0.075",
"RET-AMYDAVIS-125","Amy's Pottery - Tea Bowl","","18.00","0.075",
"RET-AMYDAVIS-118","Amy's Pottery - Tea Bowls (set of two)","","26.00","0.075",
"RET-AMYDAVIS-100","Amy's Pottery - Teapot w/ Tea Bowls","","54.00","0.075",
"RET-AMYDAVIS-119","Amy's Pottery - Vase","","39.00","0.075",
"RET-AMYDAVIS-124","Amy's Pottery - White & Turquoise Tea Pot","","46.00","0.075",
"RET-AMYDAVIS-107","Amys Pottery -  Prep Bowls - Set Of 3","","17.00","0.075",
"RET-APOLLOOL-100","Apollo - Barouni","","20.00","0",
"RET-APOLLOOL-101","Apollo - Mistral","","20.00","0",
"RET-APOLLOOL-102","Apollo - Sierra","","20.00","0",
"RET-APOLLOOR-101","Apollo Honey 16oz","","14.00","0",
"RET-APOLLOOR-100","Apollo Honey 8 Oz","","8.00","0",
"RET-APPLENEV-100","Apple N Eve","","1.50","0",
"RET-NICOLELO-102","Aranaciata","","2.00","0.075",
"RET-NYBAKERY-107","Artisan Bread","","5.75","0",
"RET-ATHENASG-100","Athena's Grove","","20.00","0",
"KIT-YUBAHARV-237","Beet Salad","","4.00","0.075",
"KIT-YUBAHARV-314","Beet Salad Refrigerator","","5.25","0",
"RET-BISONTEO-100","Bisonte Olivo","","13.00","0",
"RET-DJWOODCR-104","Bocote Wood Corkscrew","","25.00","0.075",
"RET-ELLASSOC-102","Bone","","30.00","0.075",
"RET-YUBAHARV-335","Boursin","","5.00","0",
"KIT-YUBAHARV-330","Breakfast Wrap","","6.00","0",
"KIT-YUBAHARV-313","Brisket Panni","","8.00","0.075",
"KIT-YUBAHARV-332","Buchette","","6.50","0",
"BEE-BUDWISER-101","Budweiser","","3.00","0.075",
"RET-SOLSTICE-121","California Foothills 12oz","","12.50","0.075",
"RET-SOLSTICE-120","California Valley Springs 12oz","","12.50","0.075",
"RET-CALOLEAO-117","Calolea - 250 ml Oil Manzanillo","","12.00","0",
"RET-CALOLEAO-100","Calolea - 250 ml Oil Mission","","12.00","0",
"RET-CALOLEAO-120","Calolea - 250 ml Oil Tuscan","","12.00","0",
"RET-CALOLEAO-103","Calolea - 500 ml Oil Mission","","22.00","0",
"RET-CALOLEAO-124","Calolea - Balsamic Stawberry","","10.00","0",
"RET-CALOLEAO-104","Calolea - Balsamic Vinegar","","12.00","0",
"RET-CALOLEAO-105","Calolea - Bath Set","","50.00","0.075",
"RET-CALOLEAO-118","Calolea - Garlic Olive Oil","","12.00","0",
"RET-CALOLEAO-121","Calolea - Habanero Olive Oil","","12.00","0",
"RET-CALOLEAO-109","Calolea - Large Box Set","","50.00","0",
"RET-CALOLEAO-122","Calolea - Meyer Lemon Oil","","12.00","0",
"RET-CALOLEAO-123","Calolea - Orange Olive Oil","","12.00","0",
"RET-CALOLEAO-111","Calolea - Small Box Set","","40.00","0",
"RET-CALOLEAO-112","Calolea - Soap","","3.00","0.075",
"RET-CALOLEAO-119","Calolea - White Balsamic","","10.00","0.075",
"RET-CALOLEAO-115","Calolea Conditioner/Shampoo","","15.00","0.075",
"RET-CALOLEAO-116","Calolea Exfoliator","","20.00","0.075",
"RET-HOLMANLC-108","Carter Holmen","","30.00","0",
"RET-CELLOCHO-108","Cello Chocolate Bach Sweet Box","","35.00","0",
"RET-CELLOCHO-101","Cello Chocolate Dominican","","6.50","0",
"RET-CELLOCHO-102","Cello Chocolate Ecuador","","6.50","0",
"RET-CELLOCHO-100","Cello Chocolate Ghana","","6.50","0",
"RET-CELLOCHO-103","Cello Chocolate Peru","","6.50","0",
"RET-CELLOCHO-107","Cello Chocolate Trinidad","","6.50","0",
"RET-CELLOCHO-104","Cello Chocolate Venezuela","","6.50","0",
"RET-CELLOCHO-109","Cello Hearts","","10.00","0",
"RET-DJWOODCR-105","Cocobolo Corkscrew","","27.50","0.075",
"RET-DJWOODCR-106","Cocobolo Wood Corkscrew and Stopper","","22.50","0.075",
"RET-DJWOODCR-107","Cocobolo Wood Wine Corkscrew & Stopper - ","","22.50","0.075",
"RET-DJWOODCR-108","Cocobolo Wood Wine Stopper (knob)","","25.00","0.075",
"RET-COWGIRLC-105","Cowgirl Creamery - Devil's Gulch","","11.50","0",
"RET-COWGIRLC-104","Cowgirl Creamery - Marin French Truffle Brie","","10.00","0",
"RET-COWGIRLC-100","Cowgirl Creamery - Mt. Tam","","11.50","0.075",
"RET-COWGIRLC-102","Cowgirl Creamery - Pierce Point","","11.00","0.075",
"RET-COWGIRLC-101","Cowgirl Creamery - Red Hawk","","13.50","0",
"RET-COWGIRLC-103","Cowgirl Creamery Chimney Rock","","11.50","0",
"RET-DJWOODCR-111","Curly Maple Corkscrew","","27.50","0.075",
"RET-MARINFRE-101","Cypress Grove - Herbs De Humboldt","","6.00","0",
"RET-CYPRESSG-101","Cypress Grove - Humboldt Fog","","18.00","0",
"RET-CYPRESSG-100","Cypress Grove - Purple Haze","","6.00","0",
"RET-CYPRESSG-102","Cypress Grove Ms.Natural","","6.00","0",
"RET-CYPRESSG-103","Cypress Grove Psyche Dillie","","6.00","0",
"RET-CYPRESSG-104","Cypress Grove Sgt. Pepper","","6.00","0",
"RET-LINDTCHO-100","Dark Chocolate Truffle","","0.50","0",
"RET-YUBAHARV-333","Dark Rye","","6.00","0",
"RET-DOFINO**-100","Dofino Gouda","","4.50","0",
"RET-DJWOODCR-109","Dons Wine Pocket Corkscrew","","27.50","0.075",
"RET-DJWOODCR-112","Dons Wood Pepper Grinder","","60.00","0.075",
"RET-EARTHVI*-101","Earth & Vine - 10 Mustard","","7.00","0",
"RET-EARTHVI*-102","Earth & Vine - 10 oz Jam","","7.00","0",
"RET-YUBAHARV-328","Eggs Dozen","","4.00","0",
"RET-ELLASSOC-105","Elle Socks Etc","","0.00","0.075",
"RET-SIERRANE-107","Euro Unsalted Butter","","6.25","0.075",
"BEE-FIRESTON-101","Firestone DBA","","4.00","0.075",
"BEE-FIRESTON-100","Firestone Velvet Melvin","","4.00","0.075",
"RET-FRAMANI*-100","Framani - Salametto Piccante Chorizo","","14.00","0.075",
"RET-FRAMANI*-101","Framani - Salametto Salami","","14.00","0.075",
"RET-FREJAS**-100","Freja's Foods - Ground Seitan","","6.00","0.075",
"RET-FREJAS**-101","Freja's Foods - Seitan Bites","","6.00","0.075",
"RET-FREJAS**-102","Freja's Foods - Seitan Chops","","6.00","0.075",
"RET-FREJAS**-103","Freja's Foods - Sliced Seitan","","6.00","0.075",
"RET-GEMVIBES-104","Gem Vibes","","0.00","0",
"RET-POMSAW**-109","Gift Set","","15.00","0",
"RET-YUBAHARV-269","Goat Plain Yogurt","","6.00","0",
"RET-NYBAKERY-100","Golden Toast (Cinnamon Raisin)","","5.25","0",
"RET-NYBAKERY-101","Golden Toast (Dark Rye)","","5.25","0",
"RET-NYBAKERY-106","Golden Toast (Multigrain)","","5.25","0",
"RET-NYBAKERY-102","Golden Toast (Sourdough)","","4.75","0",
"RET-GRASSVAL-100","Grass Valley Grains - Corn","","1.75","0",
"RET-GRASSVAL-101","Grass Valley Grains - Wheat","","1.75","0",
"RET-MOUNTAIN-100","Hats","","50.00","0",
"KIT-YUBAHARV-235","Hummus Plate","","4.00","0.075",
"PRO-YUBAHARV-301","Imported Produce","","0.00","0",
"RET-SUTTERBU-121","Jam Meyer Lemon Ginger","","7.00","0",
"RET-SUTTERBU-119","Jam Peach and Bourbon","","7.00","0",
"RET-JOEANNS*-102","Joe-Ann's Jelly - Apricot/G.M.","","7.00","0",
"RET-JOEANNS*-101","Joe-Ann's Jelly - Hot Pepper","","7.00","0",
"RET-JOEANNS*-103","Joe-Ann's Jelly - Onion/Garlic","","7.00","0",
"RET-JOEANNS*-100","Joe-Ann's Jelly - Raspberry","","7.00","0.075",
"RET-YUBAHARV-336","Kerrygold Dubliner","","5.50","0",
"RET-NICOLELO-101","Kids Toothbrush","","8.00","0.075",
"KIT-YUBAHARV-329","Lasagna","","10.00","0",
"RET-LAVINIAA-116","Lavinia Scent Set","","15.00","0",
"RET-LINDAWOO-100","Linda Woodhams","","0.00","0.075",
"RET-DJWOODCR-100","Madagascar Ebony Wine Stopper","","27.50","0.075",
"RET-DJWOODCR-101","Marblewood #1 Wine Bottle Stopper","","25.00","0.075",
"RET-DJWOODCR-102","Marblewood #2 Wine Stopper","","22.50","0.075",
"RET-DJWOODCR-103","Marblewood Corkscrew and Stopper","","25.00","0.075",
"RET-MARINFRE-100","Marin French - Petit Truffle","","5.50","0",
"RET-MARINFRE-102","Marin French Triple Cream Brie","","8.50","0",
"RET-MAXSBO**-103","Max Books","","0.00","0",
"RET-SUTTERBU-122","Mustard Amber Beer ","","7.50","0",
"RET-SUTTERBU-117","Mustard Cabernet Garlic ","","7.50","0",
"RET-SUTTERBU-123","Mustard Chardonnay","","7.50","0",
"RET-NATURALF-100","Natural Fibers Workshop","","0.00","0.075",
"BEE-NEWCASTL-100","Newcastle Brown Ale","","4.00","0.075",
"RET-NEXTGENE-101","Next Generation Brown Rice 2 lb","","6.00","0",
"RET-NEXTGENE-100","Next Generation White Rice 2 lb","","6.00","0",
"RET-NICOLELO-103","Nicole's Pillows","","0.00","0",
"RET-MAXSBO**-102","O, But a Little Wine","","12.00","0.075",
"BEE-OLIVELLA-102","Oliva Abbey Tripel","","6.00","0.075",
"RET-OLIVELLA-104","Olivella - Bottle Spout","","5.00","0.075",
"RET-OLIVELLA-101","Olivella - Moisturizer","","21.00","0.075",
"RET-OLIVELLA-103","Olivella - Shower Gel","","12.00","0.075",
"RET-SUTTERBU-118","Olives Garlic Stuffed Green","","7.00","0",
"RET-SUTTERBU-116","Olives Herbed Medley","","7.00","0",
"RET-MAXSBO**-101","One Minute Reader","","12.00","0.075",
"RET-PRODUCEE-101","Organic Cow Yogurt ","","4.50","0",
"RET-PRODUCEE-100","Organic Milk 1 quart","","3.00","0",
"RET-NYBAKERY-108","Original","","5.75","0",
"RET-ORLANDO*-101","Orland - Feta","","6.00","0",
"RET-ORLANDO*-100","Orland Fromage Blanc","","5.00","0",
"RET-ORLANDO*-102","Orland Ricottage","","5.00","0",
"RET-SUTTERBU-127","Pickles Sweet and Hot","","7.00","0",
"RET-POINTREY-100","Point Reyes - Blue","","7.00","0",
"RET-POMSAW**-108","Pom Jam Gift Set","","15.00","0.075",
"RET-POMSAW**-107","Poms Away Cabernet Jelly","","6.25","0",
"RET-POMSAW**-106","Poms Away Flaming Hot Jelly","","6.25","0",
"RET-POMSAW**-103","Poms Away Mild Pepper Jelly","","6.25","0",
"RET-POMSAW**-105","Poms Away Natural Pom Syrup","","6.50","0",
"RET-POMSAW**-102","Poms Away Pom Jelly","","6.25","0",
"RET-POMSAW**-104","Poms Away Pom Molassas","","8.00","0",
"RET-SIERRANE-106","Pound Of Butter","","6.25","0.075",
"RET-REDWOODH-102","Redwood Hill - Camellia","","8.50","0",
"RET-REDWOODH-100","Redwood Hill - Crottin","","6.00","0",
"RET-REDWOODH-103","Redwood Hill - Goat Cheddar 5 Oz","","6.25","0",
"RET-REDWOODH-101","Redwood Hill - Goat Cheddar 6 Oz","","7.50","0",
"RET-RENEBREA-100","Rene Bread","","8.00","0",
"RET-RENRIBBO-100","Renn Ribbons","","0.00","0.075",
"RET-RICHARDS-100","Richards Grassfeed Beef","","0.00","0",
"RET-RIVERBRO-109","RiverBrooke - 3 pc Sachet Set","","6.00","0.075",
"RET-RIVERBRO-122","RiverBrooke - Jelly 4oz","","3.00","0",
"RET-RIVERBRO-105","RiverBrooke - Sugar Body Scrub","","5.00","0.075",
"RET-RIVERBRO-119","RiverBrooke Bulk Lavender ","","2.99","0.075",
"RET-RIVERBRO-120","RiverBrooke Candied Pecans","","4.00","0",
"RET-RIVERBRO-108","RiverBrooke Farm - Eye Pillow","","6.00","0.075",
"RET-RIVERBRO-116","RiverBrooke Farm - Lavender Buds","","3.00","0",
"RET-RIVERBRO-107","RiverBrooke Farm - Mini Sachet","","2.00","0.075",
"RET-RIVERBRO-118","RiverBrooke Lavender Jelly 8 Oz","","6.00","0",
"RET-RIVERBRO-112","RiverBrooke Lavender Spice Rub","","5.00","0",
"RET-RIVERBRO-110","RiverBrooke Lemonade Kit","","2.99","0",
"RET-RIVERBRO-121","RiverBrooke Tea Cookies","","4.00","0",
"RET-RIVERSED-100","Rivers Edge Up In Smoke","","9.00","0.075",
"KIT-YUBAHARV-331","Salami Panini","","8.00","0",
"RET-SHELBURN-100","Shelburne Farms - Cheddar 8oz","","8.00","0",
"RET-SHELBURN-101","Shelburne Farms 2years 16oz","","15.50","0",
"RET-SHIRERAN-100","Shire Ranch Woodwoorks","","0.00","0.075",
"RET-SIERRACO-100","Sierra Gold Soap","","0.00","0.075",
"BEE-SIERRANE-104","Sierra Nevada Pale Ale","","4.00","0.075",
"BEE-SIERRANE-105","Sierra Nevada Torpedo","","4.00","0.075",
"","Sierra gold soap","","0.00","0",
"RET-SMITHSCO-100","Smiths Country Crafts","","0.00","0.075",
"BEE-STELLA**-103","Stella","","4.00","0.075",
"RET-STEPHANI-100","Stephanie","","0.00","0.075",
"RET-SUSANADA-100","Susan Adams","","0.00","0.075",
"RET-SUTTERBU-124","Tapenade Cali Green Olive","","7.50","0",
"RET-SUTTERBU-120","Tapenade Farmhouse","","7.50","0",
"RET-SUTTERBU-126","Tapenade Kalamata & Caper","","7.50","0",
"RET-SUTTERBU-125","Tapenade Tomato Olive","","7.50","0",
"RET-DJWOODCR-110","Walnut Corkscrew","","27.50","0.075",
"BEE-WIDMERHE-100","Widmer Hefe","","4.00","0.075",
"RET-MOUNTAIN-101","X-hats MOUNTAIN MEDICINE KNITS","","50.00","0",
"RET-YUZIYPAS-100","Yuri's   Yuri's Bowlsc, green outside, light green inside","","30.00","0.075",
"RET-YUZIYPAS-107","Yuri's  Pottery - Black & Brown Pitcher","","55.00","0.075",
"RET-YUZIYPAS-108","Yuri's  Pottery - Bowls","","24.00","0.075",
"RET-YUZIYPAS-102","Yuri's  Pottery - Brown Vase with Legs","","65.00","0.075",
"RET-YUZIYPAS-106","Yuri's  Pottery - Tall Black Pitcher","","65.00","0.075",
"RET-YUZIYPAS-101","Yuri's Pottery - Water Pitcher with 3 Handles","","125.00","0.075",
"RET-CHEFSPLA-103","cruet large","","0.00","0.075",
"RET-CHEFSPLA-104","cruet medium","","0.00","0.075",
"RET-CHEFSPLA-105","cruet small","","0.00","0.075",
"KIT-YUBAHARV-319","Farm To Fork","Kitchen ","40.00","0.075",
"KIT-YUBAHARV-120","Food","Kitchen ","0.00","0.075",
"RET-YUBAHARV-294","Pastry","R-Baked Goods","0.00","0",
"BEE-YUBAHARV-325","Beer","R-Beverages & Beer","0.00","0.075",
"RET-YUBAHARV-327","Beverage","R-Beverages & Beer","0.00","0",
"YHV-YUBAHARV-287","Bottled Water","R-Beverages & Beer","1.00","0",
"YHV-YUBAHARV-272","Coffee - 12 oz.","R-Beverages & Beer","1.75","0",
"YHV-YUBAHARV-273","Coffee - 8 oz.","R-Beverages & Beer","1.25","0",
"YHV-YUBAHARV-276","Coffee Refill","R-Beverages & Beer","1.00","0",
"YHV-YUBAHARV-284","Hot - Cold Tea","R-Beverages & Beer","1.50","0",
"RET-LIMONATA-101","Most Beverages","R-Beverages & Beer","2.00","0",
"YHV-YUBAHARV-166","V8 Small","R-Beverages & Beer","1.25","0",
"RET-YUBAHARV-324","Dairy","R-Dairy","0.00","0",
"RET-YUBAHARV-322","Retail Item - Food","R-Grocery","0.00","0",
"RET-YUBAHARV-323","Retail Item - Non-food","R-Grocery","0.00","0.075",
"RET-SARAHS**-100","Produce","R-Produce","0.00","0",
"WIN-YUBAHARV-318","A","R-Wine Bottles","0.00","0.075",
"WIN-BANGORRA-106","Bangor Ranch - Barbera - 2012","R-Wine Bottles","20.00","0.075",
"WIN-BANGORRA-107","Bangor Ranch - Rosato - 2013","R-Wine Bottles","15.00","0.075",
"WIN-BANGORRA-105","Bangor Ranch - Sangiovese - 2012","R-Wine Bottles","22.00","0.075",
"WIN-CANTEAOV-107","Cante - Garnacha Rose - 2013","R-Wine Bottles","19.00","0.075",
"WIN-CANTEAOV-110","Cante - La Rouge Fonce 2011","R-Wine Bottles","25.00","0.075",
"WIN-CANTEAOV-111","Cante - Sangiovese 2011","R-Wine Bottles","20.00","0.075",
"WIN-CANTEAOV-112","Cante - Semillon 2012","R-Wine Bottles","20.00","0.075",
"WIN-CANTEAOV-109","Cante - Summer's Last Kiss","R-Wine Bottles","21.00","0.075",
"WIN-CANTEAOV-108","Cante - Tempranillo 2011","R-Wine Bottles","20.00","0.075",
"WIN-CANTEAOV-106","Cante - Vigne Del Sole 2010","R-Wine Bottles","26.00","0.075",
"WIN-CAPAYVAL-100","Capay Valley Sparkling Viognier","R-Wine Bottles","16.00","0.075",
"WIN-CORDIWIN-103","Cordi - Barbera - 2009","R-Wine Bottles","26.00","0.075",
"WIN-CORDIWIN-105","Cordi - Estate Primitivo - 2011","R-Wine Bottles","26.00","0.075",
"WIN-GRANTED*-115","Grant Eddie - Grenache-Syrah","R-Wine Bottles","28.00","0",
"WIN-GRANTED*-107","Grant-Eddie - Cabernet","R-Wine Bottles","28.00","0.075",
"WIN-GRANTED*-114","Grant-Eddie - Chardonnay - 2013","R-Wine Bottles","23.00","0.075",
"WIN-GRANTED*-106","Grant-Eddie - Port - 2011","R-Wine Bottles","32.00","0.075",
"WIN-GRANTED*-108","Grant-Eddie - Raydar Red - 2011","R-Wine Bottles","22.00","0.075",
"WIN-GRANTED*-113","Grant-Eddie - San Giovese","R-Wine Bottles","25.00","0.075",
"WIN-GRANTED*-111","Grant-Eddie - Semillon - 2012","R-Wine Bottles","20.00","0.075",
"WIN-GRANTED*-109","Grant-Eddie - Syrah - 2009","R-Wine Bottles","25.00","0.075",
"WIN-GRANTED*-110","Grant-Eddie - White Pearl","R-Wine Bottles","27.00","0.075",
"WIN-GRANTED*-112","Grant-Eddie - Zinfandel","R-Wine Bottles","25.00","0.075",
"WIN-HICKMANF-101","Hickman - Chardonnay - 2012","R-Wine Bottles","19.00","0.075",
"WIN-HICKMANF-100","Hickman - Petite Syrah","R-Wine Bottles","21.00","0.075",
"WIN-HICKMANF-102","Hickman - Petite Syrah - 2010","R-Wine Bottles","26.00","0.075",
"WIN-LUCEROVI-104","Lucero - Cabernet 2004","R-Wine Bottles","24.00","0.075",
"WIN-LUCEROVI-101","Lucero - Cabernet 2006","R-Wine Bottles","22.00","0.075",
"WIN-LUCEROVI-102","Lucero - Merlot 2008","R-Wine Bottles","18.00","0.075",
"WIN-LUCEROVI-100","Lucero - Paulina 2010","R-Wine Bottles","19.00","0.075",
"WIN-NEWCLAIR-102","New Clairvaux - Barbera","R-Wine Bottles","20.00","0.075",
"WIN-NEWCLAIR-103","New Clairvaux - Red Table","R-Wine Bottles","17.00","0.075",
"WIN-NEWCLAIR-101","New Clairvaux - Tempranillo","R-Wine Bottles","19.00","0.075",
"WIN-NEWCLAIR-100","New Clairvaux - Viognier","R-Wine Bottles","19.00","0.075",
"RET-NEWCLAIR-105","New Clairvaux Petite Syrah","R-Wine Bottles","21.00","0.075",
"RET-NEWCLAIR-104","New Clairvaux Petite Temptation","R-Wine Bottles","19.00","0.075",
"WIN-RENAISSA-118","Renaissance - Cabernet PC - 1995","R-Wine Bottles","48.00","0.075",
"WIN-RENAISSA-117","Renaissance - Cabernet Sauvignon - 1999","R-Wine Bottles","35.00","0.075",
"WIN-RENAISSA-123","Renaissance - Cabernet Sauvignon - 1999  VT","R-Wine Bottles","40.00","0.075",
"WIN-RENAISSA-116","Renaissance - Cabernet Sauvignon - 2002","R-Wine Bottles","30.00","0.075",
"RET-RENAISSA-124","Renaissance - Cabernet Sauvignon 1987","R-Wine Bottles","43.00","0.075",
"WIN-RENAISSA-112","Renaissance - Cabernet Sauvignon 1996","R-Wine Bottles","37.00","0.075",
"WIN-RENAISSA-111","Renaissance - Cabernet Sauvignon Reserve - 2001","R-Wine Bottles","48.00","0.075",
"WIN-RENAISSA-120","Renaissance - Granite Crown","R-Wine Bottles","28.00","0.075",
"WIN-RENAISSA-113","Renaissance - Mediterranean Red - 2006","R-Wine Bottles","22.00","0.075",
"WIN-RENAISSA-115","Renaissance - Riesling 2002","R-Wine Bottles","27.00","0.075",
"WIN-RENAISSA-114","Renaissance - Semillon - 2013","R-Wine Bottles","21.00","0.075",
"WIN-RENAISSA-119","Renaissance - Semillon 375 ml - 2006","R-Wine Bottles","21.00","0.075",
"WIN-RENAISSA-121","Renaissance - Syrah - 2002","R-Wine Bottles","32.00","0.075",
"WIN-RENAISSA-122","Renaissance 1999 Late Harvest","R-Wine Bottles","29.00","0.075",
"WIN-SPENCERS-100","Spencer Shirey - Chardonnay","R-Wine Bottles","18.00","0.075",
"WIN-SPENCERS-101","Spencer Shirey - Merlot","R-Wine Bottles","23.00","0.075",
"WIN-SPENCERS-102","Spencer Shirey - Zinfandel","R-Wine Bottles","24.00","0.075",
"WIN-YUBAHARV-317","Variable","R-Wine Bottles","0.00","0.075",
"RAF-KELLYPAT-100","Kelly Patton Raffle Ticket","Raffle Tickets","5.00","0",
"RAF-KOMISSAR-110","Komissarchik Art Raffle","Raffle Tickets","5.00","0",
"WIN-YUBAHARV-194","Glass","Wine Tasting & By The Glass","0.00","0",
"WIN-YUBAHARV-290","Tasting","Wine Tasting & By The Glass","5.00","0",
"","Ticket","Wine Trail","20.00","0",
"RET-AGNESCAR-101","Agnes - Cards","X-Art Cards","6.00","0",
"RET-AGNESCAR-100","Agnes - Postcards","X-Art Cards","1.00","0",
"RET-BATADAM*-111","Bat Adam - Cards","X-Art Cards","6.00","0.075",
"RET-BETHJONA-109","Beth - Cards","X-Art Cards","6.00","0.075",
"RET-HOLMANLC-102","Carter Holman - Cards","X-Art Cards","6.00","0.075",
"","Kelly Patton-cards","X-Art Cards","6.00","0",
"RET-KOMISSAR-109","Max Komissarchick - Cards","X-Art Cards","6.00","0.075",
"RET-RADUSAVA-100","Radu Sava - Cards","X-Art Cards","5.00","0.075",
"RET-HOLODNOV-100","Tatyana - Cards","X-Art Cards","6.00","0.075",
"","Kelly Patton","X-Art Gallery","0.00","0.075",
"ART-MAXKOMIS-100","Max komissarchick","X-Art Gallery","0.00","0",
"RAF-YUBAHARV-316","Raffle","X-Art Gallery","5.00","0",
"RET-SARAHSBO-101","Books","X-Books - The Next Page - Yoad ","0.00","0.075",
"RET-YOADROWN-100","Yoad's Coffee - 1 lb","X-Books - The Next Page - Yoad ","14.00","0",
"RET-FARMBOYS-100","Farmboy's - Barbecue Sauce","X-Farmboys","6.00","0",
"RET-FARMBOYS-101","Farmboy's - Fish, Beef, & Chicken Rub","X-Farmboys","6.00","0",
"RET-FARMBOYS-102","Farmboy's - Jalapeno & Lime Dusting Salt","X-Farmboys","6.00","0",
"RET-FARMBOYS-103","Farmboy's - Smoked Habanero-Cayenne Dusting Salt","X-Farmboys","6.00","0",
"","Gem Vibes","X-Gem Vibes","0.00","0",
"RET-GEMVIBES-103","Gem Vibes - Chalkboard Wine Glass","X-Gem Vibes","25.95","0.075",
"RET-GEMVIBES-102","Gem Vibes - Vine Wine Glass","X-Gem Vibes","17.95","0.075",
"RET-GEMVIBES-101","Gem Vibes - Wine Charms ","X-Gem Vibes","12.95","0.075",
"RET-HARVESTI-105","Harvesting Vitality Bee Energee","X-Harvesting Vitality","17.00","0.075",
"RET-HARVESTI-101","Harvesting Vitality Bee Nutritive","X-Harvesting Vitality","17.00","0.075",
"RET-HARVESTI-106","Harvesting Vitality Breath Easy","X-Harvesting Vitality","17.00","0.075",
"RET-HARVESTI-109","Harvesting Vitality Cold And Flu Away","X-Harvesting Vitality","17.00","0",
"RET-HARVESTI-110","Harvesting Vitality Elder And Anise","X-Harvesting Vitality","17.00","0",
"RET-HARVESTI-108","Harvesting Vitality Flower Power","X-Harvesting Vitality","17.00","0",
"RET-HARVESTI-110","Harvesting Vitality Gomasio","X-Harvesting Vitality","15.00","0.075",
"RET-HARVESTI-103","Harvesting Vitality Happy Belly","X-Harvesting Vitality","17.00","0.075",
"RET-HARVESTI-111","Harvesting Vitality Honey Elixir","X-Harvesting Vitality","17.00","0.075",
"RET-HARVESTI-104","Harvesting Vitality Let's Gomasio","X-Harvesting Vitality","15.00","0.075",
"RET-HARVESTI-111","Harvesting Vitality Nailin The Coughin","X-Harvesting Vitality","17.00","0",
"RET-HARVESTI-107","Harvesting Vitality Sailin' the C's","X-Harvesting Vitality","17.00","0.075",
"RET-HARVESTI-102","Harvesting Vitality Sleepezzz","X-Harvesting Vitality","17.00","0.075",
"RET-LAVINIAA-112","Lavinia - Bath Salts","X-Lavinia Atelier ","6.00","0.075",
"RET-LAVINIAA-115","Lavinia - Beeswax Candles","X-Lavinia Atelier ","10.00","0.075",
"RET-LAVINIAA-114","Lavinia - Body Wash","X-Lavinia Atelier ","6.75","0.075",
"RET-LAVINIAA-107","Lavinia - Liquid Soap","X-Lavinia Atelier ","6.25","0.075",
"RET-LAVINIAA-102","Lavinia - Shampoo","X-Lavinia Atelier ","7.75","0.075",
"","Room Spray","X-Lavinia Atelier ","8.75","0",
"RET-LILLYST*-102","Lily Black Oolong Tea ","X-Lilys tea","6.00","0",
"RET-LILLYST*-107","Lily's Chrysanthemum","X-Lilys tea","19.00","0",
"RET-LILLYST*-101","Lily's Green Oolong","X-Lilys tea","4.00","0.075",
"RET-LILLYST*-100","Lily's Green and Black","X-Lilys tea","40.00","0",
"RET-LILLYST*-105","Lily's Pu'er Green","X-Lilys tea","40.00","0",
"RET-LILLYST*-104","Lily's Pure Green Tea","X-Lilys tea","4.00","0",
"RET-AMYDAVIS-126","Amy's","X-Pottery","0.00","0",
"RET-YURYSPOT-100","Yuri's","X-Pottery","0.00","0",
"RET-SOLSTICE-119","California Foothills 12oz","X-Solstice Honey","12.50","0",
"RET-SOLSTICE-103","California Foothills 24 Oz","X-Solstice Honey","15.00","0",
"RET-SOLSTICE-118","California Valley Spring 12oz","X-Solstice Honey","12.50","0",
"RET-SOLSTICE-115","Coriander 12oz","X-Solstice Honey","12.50","0.075",
"RET-SOLSTICE-116","Hawaiian Christmas Berry 12oz","X-Solstice Honey","12.50","0.075",
"RET-SOLSTICE-110","Idaho Snowberry 12oz","X-Solstice Honey","12.50","0.075",
"RET-SOLSTICE-112","Meadow Foam 12oz","X-Solstice Honey","12.50","0.075",
"RET-SOLSTICE-111","Orange Blossom 12oz","X-Solstice Honey","12.50","0.075",
"RET-SOLSTICE-113","Raspberry 12oz","X-Solstice Honey","12.50","0.075",
"RET-SOLSTICE-114","Rocky MTN 12oz","X-Solstice Honey","12.50","0.075",
"RET-SOLSTICE-109","Solstice Dipper","X-Solstice Honey","2.00","0.075",
"RET-SOLSTICE-104","Solstice Tapers Candles","X-Solstice Honey","10.00","0.075",
"RET-SOLSTICE-122","Sonoran Desert","X-Solstice Honey","12.50","0",
"RET-SOLSTICE-117","Star Thistle 12oz","X-Solstice Honey","12.50","0.075",
"RET-SOLSTICE-105","Sweet Clover 12 Oz","X-Solstice Honey","12.50","0",
"RET-YUBAHARV-321","Gift Certificate","Yuba Harvest","0.00","0",
"RET-YUBAHARV-320","Large Basket","Yuba Harvest","20.00","0",
"RET-YUBAHARV-305","Medium Basket","Yuba Harvest","15.00","0.075",
"EVT-YUBAHARV-213","Rent Gallery","Yuba Harvest","0.00","0",
"RET-YUBAHARV-304","Small Basket","Yuba Harvest","10.00","0.075",
"","Wine Trail 2015","Yuba Harvest","20.00","0",
